year,country_iso3,country_name,event,category,economic_impact
1900,PRT,Portugal,Economy overwhelmingly agrarian; illiteracy above 70%; one of poorest Western European countries,Economy,Stagnation
1902,PRT,Portugal,Second state bankruptcy (first was 1892); public finances collapse,Financial,Debt crisis
1908,PRT,Portugal,Assassination of King Carlos I and Crown Prince Luís Filipe (1 February),Political,Regime crisis
1910,PRT,Portugal,Proclamation of the Republic (5 October); end of the monarchy; separation of Church and State,Political,Regime change
1911,PRT,Portugal,Creation of University of Lisbon and University of Porto; education expansion,Social,Education reform
1916,PRT,Portugal,Portugal enters World War I on the Allied side (March),War,Military expenditure; inflation
1917,PRT,Portugal,Battle of La Lys; devastating losses for Portuguese Expeditionary Corps (April),War,Human cost
1918,PRT,Portugal,End of WWI; Spanish flu pandemic devastates Portugal,War/Health,Population decline
1920,PRT,Portugal,Extreme political instability; rotating governments; chronic inflation and fiscal deficits,Political,Economic chaos
1924,PRT,Portugal,Banco de Portugal scandal; fraudulent banknote printing by Alves dos Reis,Financial,Banking crisis
1926,PRT,Portugal,Military coup (28 May); end of the First Republic; beginning of military dictatorship,Political,Regime change
1928,PRT,Portugal,Salazar appointed Minister of Finance; imposes fiscal austerity and balanced budgets,Economy,Fiscal stabilization
1931,PRT,Portugal,Condicionamento Industrial introduced; state licensing controls all industrial investment,Economy,State-controlled industry
1933,PRT,Portugal,Constitution of the Estado Novo; corporatist authoritarian regime formally established,Political,Regime formalized
1935,PRT,Portugal,Lei de Reconstituição Económica; 15-year public investment plan; quadruples annual public investment,Economy,Infrastructure investment plan
1938,PRT,Portugal,Lisbon airport (Portela) construction initiated under Minister Duarte Pacheco,Infrastructure,Aviation
1940,PRT,Portugal,Exposition of the Portuguese World (Belém); double centenary celebrations; regime propaganda peak,Political,Symbolic investment
1941,PRT,Portugal,Wolfram (tungsten) exports surge; Portugal profits from WWII neutrality selling to both sides,Economy,Wartime windfall
1943,PRT,Portugal,Azores Agreement; UK obtains military base rights in the Azores,Geopolitical,Strategic alignment with Allies
1944,PRT,Portugal,Lei da Electrificação do País; national electrification law; hydroelectric development authorized,Infrastructure,Energy policy
1945,PRT,Portugal,First motorway segment; A5 Lisbon to Estádio Nacional; Plano Rodoviário Nacional approved,Infrastructure,Road modernization
1946,PRT,Portugal,Hidroeléctrica do Zêzere and Hidroeléctrica do Cávado created; state hydroelectric companies,Infrastructure,Energy development
1949,PRT,Portugal,Portugal is a founding member of NATO (4 April); Marshall Plan aid received (1949-1950),Geopolitical,Western alignment
1951,PRT,Portugal,Barragem de Castelo de Bode inaugurated (21 January); first major hydroelectric dam; powers Lisbon,Infrastructure,Electrification milestone
1952,PRT,Portugal,Refinaria de Cabo Ruivo (SACOR) begins operations; first oil refinery in Portugal,Industry,Petroleum refining
1953,PRT,Portugal,I Plano de Fomento (1953-1958); first systematic development plan; energy transport and industry,Economy,Planned industrialization
1954,PRT,Portugal,India annexes Dadra and Nagar Haveli; first loss of Portuguese India,Colonial,Territorial loss
1954,PRT,Portugal,Siderurgia Nacional founded (23 December); integrated steelworks project at Seixal,Industry,Heavy industry
1954,PRT,Portugal,Barragem do Cabril inaugurated; Zêzere hydroelectric cascade continues,Infrastructure,Energy expansion
1955,PRT,Portugal,Barragem da Bouçã inaugurated; Zêzere hydroelectric cascade complete,Infrastructure,Energy expansion
1958,PRT,Portugal,Barragem de Picote inaugurated; Douro international hydroelectric development,Infrastructure,Energy expansion
1958,PRT,Portugal,Humberto Delgado presidential candidacy challenges regime; election manipulated by Estado Novo,Political,Opposition challenge
1959,PRT,Portugal,II Plano de Fomento (1959-1964); accelerated industrialization; petrochemicals steel and shipbuilding,Economy,Industrial acceleration
1959,PRT,Portugal,Lisbon Metro inaugurated (29 December); Y-shaped line with 11 stations,Infrastructure,Urban transport milestone
1960,PRT,Portugal,Portugal is a founding member of EFTA (4 January Stockholm Convention); economic opening to Europe,Integration,Trade liberalization
1960,PRT,Portugal,Industrial sector surpasses agriculture in contribution to GDP for the first time,Economy,Structural transformation
1961,PRT,Portugal,Siderurgia Nacional inaugurated at Seixal (24 August); first integrated steel production,Industry,Heavy industry milestone
1961,PRT,Portugal,Lisnave founded (11 September); shipbuilding and repair; CUF + Dutch/Swedish capital,Industry,Shipbuilding
1961,PRT,Portugal,First segment of A1 motorway inaugurated; Lisbon to Vila Franca de Xira (28 May),Infrastructure,Road modernization
1961,PRT,Portugal,Loss of Portuguese India; India annexes Goa Damão and Diu (17-19 December),Colonial,End of 451 years of rule
1961,PRT,Portugal,Colonial War begins in Angola (4 February); 13-year three-front conflict begins,War,Military expenditure surge
1963,PRT,Portugal,Renault assembly factory established in Cacia (Aveiro); first automotive assembly,Industry,Automotive industry
1964,PRT,Portugal,Colonial War extends to Guinea-Bissau; Citroën factory opens in Mangualde,War/Industry,Three-front war; automotive
1964,PRT,Portugal,Mass emigration accelerates; estimated 1.5 million leave between 1960-1974 (25% of workforce),Social,Brain drain; remittances
1964,PRT,Portugal,Fábricas de celulose open in Constância (1961) and Setúbal (1964); pulp industry expansion,Industry,Paper and pulp
1965,PRT,Portugal,Barragem de Bemposta inaugurated; Douro hydroelectric cascade expansion,Infrastructure,Energy expansion
1966,PRT,Portugal,Ponte Salazar inaugurated (6 August); suspension bridge over the Tagus; road-only at opening,Infrastructure,Lisbon connected to south bank
1967,PRT,Portugal,Lisnave Margueira complex inaugurated; one of largest ship repair yards in Europe,Industry,Industrial peak
1967,PRT,Portugal,III Plano de Fomento (1967-1973); continued industrialization; chemical and petrochemical focus,Economy,Industrial deepening
1968,PRT,Portugal,Salazar incapacitated (September); Marcello Caetano becomes PM; industrial licensing relaxed,Political,Leadership transition; liberalization
1969,PRT,Portugal,Siderurgia Nacional expands; cold rolling tinplating and galvanizing lines operational,Industry,Steel capacity growth
1972,PRT,Portugal,Free trade agreement signed with the EEC (effective January 1973),Integration,Trade opening
1972,PRT,Portugal,SETENAVE shipyard established in Setúbal; second major shipbuilding complex,Industry,Shipbuilding expansion
1973,PRT,Portugal,GDP per capita reaches 56% of EC-12 average; peak of Estado Novo convergence,Economy,High-water mark
1973,PRT,Portugal,First oil crisis; end of the golden growth era; global recession hits,Economy,Growth shock
1973,PRT,Portugal,Gold and currency reserves reach historic peak (860 tonnes); fuelled by emigrant remittances,Economy,Reserve accumulation
1973,PRT,Portugal,Leica factory established in Vila Nova de Famalicão; precision optics,Industry,High-tech manufacturing
1974,PRT,Portugal,Carnation Revolution (25 April); military coup ends the Estado Novo; transition to democracy,Political,Regime change
1974,PRT,Portugal,Colonial War ends; ceasefire across Angola Guinea-Bissau and Mozambique,War,Military burden lifted
1975,PRT,Portugal,PREC; nationalizations of banks insurance and large enterprises including Siderurgia and Lisnave,Economy,State takeover
1975,PRT,Portugal,Agrarian reform in Alentejo; large estates collectivized,Social,Land redistribution
1975,PRT,Portugal,Retornados; 500000 to 1 million Portuguese return from African colonies,Social,Demographic shock
1975,PRT,Portugal,Independence of Angola Mozambique Guinea-Bissau Cape Verde and São Tomé,Colonial,End of empire
1976,PRT,Portugal,New democratic constitution approved (April); Ponte Salazar renamed Ponte 25 de Abril,Political,Democracy established
1976,PRT,Portugal,Petrogal formed from merger of nationalized oil companies (SACOR CIDLA SONAP PETROSUL),Industry,Oil sector consolidation
1977,PRT,Portugal,Portugal applies for EEC membership (28 March Mário Soares government),Integration,European vocation
1977,PRT,Portugal,First IMF bailout; balance of payments crisis,Financial,Austerity
1978,PRT,Portugal,Railway line added to Ponte 25 de Abril; first continuous rail link Lisbon to south bank,Infrastructure,Transport expansion
1978,PRT,Portugal,Sines refinery (Petrogal) begins operations; 10 million tonnes/year; petrochemical complex follows,Industry,Major refinery and petrochemicals
1981,PRT,Portugal,Sines industrial complex and deep-water port fully operational,Infrastructure,Industrial port
1982,PRT,Portugal,Constitutional revision; reduces military role; strengthens civilian government,Political,Democratic consolidation
1983,PRT,Portugal,Second IMF bailout; continued fiscal and external imbalances,Financial,Austerity
1985,PRT,Portugal,Treaty of Accession to the EEC signed at Jerónimos Monastery (12 June),Integration,EU membership confirmed
1986,PRT,Portugal,Portugal joins the EEC (1 January); leaves EFTA; structural and cohesion funds begin flowing,Integration,European integration
1986,PRT,Portugal,Cavaco Silva becomes Prime Minister; centre-right majority; liberalization and privatization agenda,Political,Economic reform
1989,PRT,Portugal,Constitutional revision allows re-privatization of nationalized companies (two-thirds vote),Economy,Liberalization
1990,PRT,Portugal,Privatization law enacted (April); framework for complete divestiture of state enterprises,Economy,Privatization begins
1991,PRT,Portugal,GDP per capita surpasses the 1973 pre-revolution level for the first time,Economy,Recovery milestone
1991,PRT,Portugal,A1 motorway Lisbon-Porto completed; backbone of road network,Infrastructure,Highway network
1991,PRT,Portugal,Siderurgia Nacional re-privatized (Decree-Law 113/91),Industry,Privatization
1991,PRT,Portugal,Autoeuropa joint venture (VW/Ford) announced; largest single FDI in Portugal,Industry,Automotive FDI
1992,PRT,Portugal,Portugal Telecom created; Treaty of Maastricht ratified; Portugal commits to monetary union,Integration/Industry,Euro path; telecom reform
1993,PRT,Portugal,Lisnave restructured after Gulf War-induced shipping downturn,Industry,Decline
1993,PRT,Portugal,Water sector reform; private participation allowed for the first time since 1974,Economy,Liberalization
1994,PRT,Portugal,A2 motorway (Lisbon to Algarve) construction accelerates with EU structural funds,Infrastructure,Highway network
1995,PRT,Portugal,Autoeuropa (Volkswagen) begins production in Palmela; automotive becomes top export sector,Industry,Export diversification
1995,PRT,Portugal,EDP (Electricidade de Portugal) first privatization phase,Industry,Energy privatization
1997,PRT,Portugal,Ponte Vasco da Gama construction underway; will be longest bridge in Europe at 17.2 km,Infrastructure,Major construction
1998,PRT,Portugal,Expo 98 in Lisbon; Parque das Nações opens; massive urban regeneration of eastern Lisbon,Infrastructure,Urban transformation
1998,PRT,Portugal,Ponte Vasco da Gama inaugurated (29 March); 17.2 km cable-stayed bridge over Tagus,Infrastructure,Transport milestone
1998,PRT,Portugal,Lisbon Metro Red Line inaugurated (May); serves Expo 98; Green and Blue lines extended,Infrastructure,Urban transport expansion
1999,PRT,Portugal,Portugal adopts the Euro; founding Eurozone member (1 January),Integration,Monetary union
2000,PRT,Portugal,GDP per capita reaches 70% of EU-12 average; unprecedented convergence peak,Economy,Convergence high-water mark
2000,PRT,Portugal,Lisnave Margueira closes (31 December); end of Portuguese heavy shipbuilding,Industry,Deindustrialization
2001,PRT,Portugal,Siderurgia Nacional blast furnace closed (31 March); end of integrated steelmaking in Portugal,Industry,Deindustrialization
2001,PRT,Portugal,Porto European Capital of Culture; Casa da Música and urban regeneration,Infrastructure,Culture investment
2002,PRT,Portugal,Euro banknotes and coins enter circulation (1 January),Economy,Monetary milestone
2002,PRT,Portugal,Barragem de Alqueva completed; largest artificial lake in Europe; transforms Alentejo irrigation,Infrastructure,Water and agriculture transformation
2003,PRT,Portugal,Economic stagnation begins; GDP growth near zero; divergence from EU average starts,Economy,Lost decade begins
2004,PRT,Portugal,Euro 2004 football championship hosted; new stadiums and transport infrastructure,Infrastructure,Event investment
2004,PRT,Portugal,Galp Energia formed from merger of Petrogal and GDP; energy sector consolidation,Industry,Energy
2004,PRT,Portugal,Lisbon Metro expands to Odivelas and Amadora Este,Infrastructure,Metro expansion
2007,PRT,Portugal,TGV high-speed rail project announced (Lisbon-Madrid); later cancelled due to crisis,Infrastructure,Cancelled megaproject
2008,PRT,Portugal,Global financial crisis hits; GDP peaks in Q1 2008 then contracts,Financial,Recession begins
2010,PRT,Portugal,Fiscal deficit reaches ~11% of GDP; sovereign bond yields spike to double digits,Financial,Debt crisis
2011,PRT,Portugal,Troika bailout (May); EU/ECB/IMF programme of EUR 78 billion; severe austerity measures,Financial,Bailout
2012,PRT,Portugal,Lisbon Metro Red Line extended to Aeroporto; golden shares in EDP Galp PT revoked,Infrastructure/Economy,Airport link; market liberalization
2013,PRT,Portugal,Unemployment peaks at ~16%; highest since democracy,Social,Crisis peak
2014,PRT,Portugal,Portugal exits the bailout programme (June); without precautionary credit line,Financial,Recovery begins
2014,PRT,Portugal,Banco Espírito Santo collapses; resolved into Novo Banco (August),Financial,Banking crisis
2015,PRT,Portugal,Left-wing coalition government (Geringonça); reverses some austerity; raises minimum wage,Political,Policy shift
2016,PRT,Portugal,Tourism boom accelerates; Portugal wins multiple international tourism awards,Economy,Tourism-led growth
2017,PRT,Portugal,Deadly wildfires in Pedrógão Grande (June) and central Portugal (October); 115+ deaths,Social,Natural disaster
2018,PRT,Portugal,Web Summit moves permanently to Lisbon; tech ecosystem visibility,Economy,Tech and innovation
2019,PRT,Portugal,First fiscal surplus since democracy; public finances positive for first time,Economy,Fiscal milestone
2020,PRT,Portugal,COVID-19 pandemic; GDP contracts sharply; tourism collapses temporarily,Economy,Pandemic shock
2021,PRT,Portugal,EU Recovery and Resilience Plan (PRR) approved; EUR 16.6 billion for Portugal,Economy,Recovery investment
2022,PRT,Portugal,GDP recovers to pre-pandemic levels; strong post-COVID rebound led by tourism and exports,Economy,Post-COVID recovery
2023,PRT,Portugal,Public debt falls below 100% of GDP for first time since the crisis,Economy,Fiscal consolidation
2024,PRT,Portugal,New lithium mining projects debated; green transition vs environmental concerns,Economy,Energy transition
2025,PRT,Portugal,Public debt at ~89.7% of GDP; Castelo de Bode dam key in national grid restart after April blackout,Economy,Stability
1950,PRT,Portugal,Hospital de Santa Maria construction begins; largest hospital in Portugal,Infrastructure,Healthcare
1988,PRT,Portugal,Lisbon Metro expansion; new stations on Yellow and Blue lines (Entre Campos to Cidade Universitária),Infrastructure,Urban transport
2005,PRT,Portugal,Stability and Growth Programme; fiscal consolidation under Sócrates government; Simplex programme,Economy,Budget discipline
2009,PRT,Portugal,Lisbon Metro Red Line extended to São Sebastião; network reaches 4 fully independent lines,Infrastructure,Metro network complete
1900,DEU,Germany,Germany is an industrial powerhouse; second largest economy after the United States,Economy,Industrial leader
1914,DEU,Germany,World War I begins; Germany enters as major belligerent (August),War,War economy
1918,DEU,Germany,End of WWI; Kaiser abdicates; Weimar Republic proclaimed (November),Political,Regime change
1919,DEU,Germany,Treaty of Versailles; war reparations and territorial losses imposed,Political,Economic burden
1923,DEU,Germany,Hyperinflation crisis; German mark collapses; wheelbarrows of banknotes,Financial,Currency collapse
1929,DEU,Germany,Great Depression; mass unemployment; political radicalization,Economy,GDP collapse
1933,DEU,Germany,Hitler appointed Chancellor; Nazi regime begins; rearmament drives industrial recovery,Political,Regime change
1939,DEU,Germany,World War II begins; Germany invades Poland (1 September),War,War economy
1945,DEU,Germany,End of WWII; Germany surrenders; divided into four occupation zones,War,GDP collapse; devastation
1948,DEU,Germany,Berlin Blockade and Airlift; Marshall Plan aid begins; Deutsche Mark introduced,Economy,Recovery catalyst
1949,DEU,Germany,Federal Republic (West) and GDR (East) formally established; Cold War division,Political,Division formalized
1950,DEU,Germany,Korean War boom stimulates West German exports; beginning of Wirtschaftswunder,Economy,Economic miracle begins
1957,DEU,Germany,Treaty of Rome; West Germany is founding member of the EEC,Integration,European integration
1961,DEU,Germany,Berlin Wall erected (13 August); physical division of East and West,Political,Cold War symbol
1973,DEU,Germany,Oil crisis; end of the Wirtschaftswunder; structural unemployment emerges,Economy,Growth slowdown
1989,DEU,Germany,Fall of the Berlin Wall (9 November); peaceful revolution in East Germany,Political,Reunification begins
1990,DEU,Germany,German reunification (3 October); East and West merge; massive fiscal transfers begin,Political,Economic integration shock
1999,DEU,Germany,Germany adopts the Euro; founding Eurozone member,Integration,Monetary union
2003,DEU,Germany,Agenda 2010 reforms (Hartz reforms); labour market liberalization under Schröder,Economy,Competitiveness reforms
2008,DEU,Germany,Global financial crisis; export-driven economy contracts sharply,Financial,Recession
2015,DEU,Germany,Refugee crisis; over 1 million asylum seekers arrive; social and fiscal impact,Social,Demographic shift
2020,DEU,Germany,COVID-19 pandemic; GDP contracts ~4.9%,Economy,Pandemic shock
1900,FRA,France,France is a major industrial and colonial power; second largest colonial empire,Economy,Industrial economy
1914,FRA,France,World War I; France enters as major belligerent; northern France main battlefield,War,GDP collapse; devastation
1918,FRA,France,End of WWI; victory but massive human and material losses (1.4 million dead),War,Pyrrhic victory
1929,FRA,France,Great Depression reaches France (delayed impact; hits hard 1931-1935),Economy,GDP decline
1940,FRA,France,Fall of France; German occupation; Vichy regime established,War,GDP collapse; occupation
1944,FRA,France,Liberation of France; Allied landings (June); Marshall Plan reconstruction follows,War,Recovery starts
1951,FRA,France,European Coal and Steel Community (ECSC); France and Germany pool heavy industry,Integration,European integration begins
1957,FRA,France,Treaty of Rome; France is founding member of the EEC,Integration,European integration
1958,FRA,France,Fifth Republic established under de Gaulle; new constitution and strong presidency,Political,Political stability
1960,FRA,France,Trente Glorieuses in full swing; sustained high growth modernization and urbanization,Economy,Golden age
1962,FRA,France,Algerian War ends; independence granted; nearly 1 million pieds-noirs return to France,Colonial,Decolonization
1968,FRA,France,May 1968; student and worker protests; general strike; social transformation,Social,Social upheaval
1973,FRA,France,Oil crisis; end of Trente Glorieuses; growth slowdown begins,Economy,Growth shock
1999,FRA,France,France adopts the Euro; founding Eurozone member,Integration,Monetary union
2008,FRA,France,Global financial crisis; GDP contracts; major bank bailouts,Financial,Recession
1936,FRA,France,Popular Front government; paid holidays workers rights and 40-hour week,Political,Social legislation
1981,FRA,France,Mitterrand elected; nationalizations followed by U-turn to austerity (1983 tournant de la rigueur),Political,Policy shift
2018,FRA,France,Gilets jaunes (Yellow Vests) protests; fuel tax and cost of living grievances,Social,Social unrest
2020,FRA,France,COVID-19; France imposes strict lockdowns; GDP contracts ~8%,Economy,Pandemic shock
1900,ESP,Spain,Spain recovering from loss of Cuba Philippines and Puerto Rico (1898); national crisis of 98,Political,Imperial decline
1923,ESP,Spain,Primo de Rivera military dictatorship (1923-1930),Political,Authoritarian rule
1931,ESP,Spain,Second Spanish Republic proclaimed,Political,Regime change
1936,ESP,Spain,Spanish Civil War begins (1936-1939); devastating conflict,War,GDP collapse
1939,ESP,Spain,Franco dictatorship begins; autarky and international isolation,Political,Economic isolation
1959,ESP,Spain,Stabilization Plan; end of autarky; economic liberalization begins; Spanish miracle follows,Economy,Reform turning point
1973,ESP,Spain,Oil crisis hits; end of the Spanish economic miracle,Economy,Growth shock
1975,ESP,Spain,Death of Franco (20 November); transition to democracy begins,Political,Regime change
1978,ESP,Spain,New democratic constitution approved by referendum,Political,Democracy established
1986,ESP,Spain,Spain joins the EEC (1 January); same accession as Portugal; structural funds begin,Integration,European integration
1992,ESP,Spain,Barcelona Olympics and Seville Expo; massive infrastructure investment,Infrastructure,Event investment
1999,ESP,Spain,Spain adopts the Euro; founding Eurozone member,Integration,Monetary union
2008,ESP,Spain,Housing bubble bursts; severe economic crisis; unemployment surges to 26%,Financial,GDP collapse
2012,ESP,Spain,Bank bailout from ESM (EUR 41 billion); Bankia nationalized,Financial,Banking crisis
1953,ESP,Spain,Pact of Madrid with the USA; economic and military aid in exchange for military bases,Geopolitical,International opening
1960,ESP,Spain,Spanish economic miracle begins; rapid industrialization tourism and growth (1960-1973),Economy,Convergence
1977,ESP,Spain,First democratic elections since 1936; Moncloa Pacts for economic stabilization,Political,Democratic transition
2014,ESP,Spain,Recovery begins; export growth and tourism lead rebound after deep crisis,Economy,Recovery
2020,ESP,Spain,COVID-19; Spain among hardest-hit EU economies; GDP contracts ~11%,Economy,Pandemic shock
1900,POL,Poland,Poland does not exist as a state; partitioned between Russia Prussia and Austria-Hungary,Political,Stateless nation
1918,POL,Poland,Poland re-established as independent state after 123 years of partition (11 November),Political,State creation
1920,POL,Poland,Polish-Soviet War; Poland defends independence (Battle of Warsaw),War,State survival
1926,POL,Poland,Piłsudski coup; authoritarian Sanacja regime (1926-1939),Political,Authoritarian rule
1929,POL,Poland,Great Depression; severe impact on agrarian economy; mass unemployment,Economy,GDP decline
1939,POL,Poland,World War II; Germany invades (1 September); Soviet invasion from east (17 September),War,GDP collapse; devastation
1944,POL,Poland,Warsaw Uprising crushed by Germans; city systematically destroyed,War,Destruction
1945,POL,Poland,End of WWII; Poland under Soviet sphere; borders shifted westward; population transfers,Political,Communist regime begins
1947,POL,Poland,Communist consolidation; nationalization of industry; Soviet-style central planning,Economy,Planned economy
1953,POL,Poland,Six-Year Plan; forced industrialization focused on heavy industry and armaments,Economy,Industrial investment
1956,POL,Poland,Poznań protests; workers revolt; partial liberalization follows,Political,Social unrest
1970,POL,Poland,Baltic coast strikes; workers protest food prices; Gomułka replaced by Gierek,Political,Social unrest
1980,POL,Poland,Solidarity trade union founded; 10 million members; Lech Wałęsa leads challenge to communist rule,Political,Social movement
1981,POL,Poland,Martial law declared (13 December); Solidarity banned; thousands imprisoned,Political,Repression
1989,POL,Poland,Round Table talks; first partially free elections (June); Solidarity wins landslide,Political,Democratic transition
1990,POL,Poland,Balcerowicz Plan; shock therapy; rapid transition to market economy; hyperinflation tamed,Economy,Transition shock
1993,POL,Poland,Economy begins to recover; first post-communist country to regain 1989 GDP level (1996),Economy,Recovery begins
1999,POL,Poland,Poland joins NATO,Geopolitical,Western integration
2004,POL,Poland,Poland joins the European Union (1 May); largest new member state,Integration,EU membership
2008,POL,Poland,Poland is only EU country to avoid recession during global financial crisis,Economy,Resilience
2020,POL,Poland,COVID-19; GDP contracts ~2.5% (one of mildest recessions in EU),Economy,Pandemic shock
1918,CZE,Czechia,Czechoslovakia founded as independent state (28 October); Tomáš Masaryk president,Political,State creation
1929,CZE,Czechia,Great Depression; highly industrialized Czechoslovakia severely affected,Economy,GDP decline
1938,CZE,Czechia,Munich Agreement; Sudetenland annexed by Nazi Germany (September),Political,Territorial loss
1939,CZE,Czechia,German occupation; Bohemia and Moravia become a German protectorate,War,Loss of sovereignty
1945,CZE,Czechia,Liberation; Czechoslovakia re-established; Sudeten Germans expelled,Political,Post-war reconstruction
1948,CZE,Czechia,Communist coup (February); Czechoslovakia under full Soviet control,Political,Planned economy begins
1968,CZE,Czechia,Prague Spring; reform attempt under Dubček crushed by Soviet-led invasion (21 August),Political,Repression
1977,CZE,Czechia,Charter 77; dissident manifesto signed by Havel and others,Political,Dissident movement
1989,CZE,Czechia,Velvet Revolution (November); peaceful end of communist rule; Havel elected president,Political,Democratic transition
1990,CZE,Czechia,Economic transition begins; voucher privatization programme launched,Economy,Market reforms
1992,CZE,Czechia,Split of Czechoslovakia agreed (Velvet Divorce); effective 1 January 1993,Political,State dissolution
1993,CZE,Czechia,Czechoslovakia dissolved (1 January); Czech Republic and Slovakia become independent,Political,State creation
1997,CZE,Czechia,Currency crisis and banking sector troubles; austerity measures imposed,Financial,Economic adjustment
1999,CZE,Czechia,Czech Republic joins NATO,Geopolitical,Western integration
2004,CZE,Czechia,Czech Republic joins the European Union (1 May),Integration,EU membership
2008,CZE,Czechia,Global financial crisis; export-dependent economy contracts,Financial,Recession
2020,CZE,Czechia,COVID-19; GDP contracts ~5.8%,Economy,Pandemic shock
1900,EST,Estonia,Estonia part of the Russian Empire; predominantly agrarian Baltic province,Political,Colonial status
1918,EST,Estonia,Declaration of independence from Russian Empire (24 February),Political,State creation
1920,EST,Estonia,Tartu Peace Treaty with Soviet Russia; independence recognized; land reform enacted,Political,Sovereignty confirmed
1924,EST,Estonia,Failed communist coup attempt (1 December); Soviet interference repelled,Political,Internal threat
1934,EST,Estonia,Päts authoritarian coup; silent era of managed democracy (1934-1940),Political,Authoritarian rule
1939,EST,Estonia,Molotov-Ribbentrop Pact; Estonia assigned to Soviet sphere of influence,Geopolitical,Fate sealed
1940,EST,Estonia,Soviet occupation of Estonia; forced incorporation into USSR (June),Political,Loss of sovereignty
1941,EST,Estonia,German occupation (1941-1944); mass deportations under both occupiers,War,Occupation
1944,EST,Estonia,Soviet re-occupation; Estonia becomes Estonian SSR; mass deportations to Siberia,Political,Soviet rule restored
1949,EST,Estonia,March deportations; over 20000 Estonians sent to Siberia; forced collectivization,Political,Repression
1987,EST,Estonia,Phosphorite War; environmental protests become vehicle for national awakening,Social,Proto-independence movement
1988,EST,Estonia,Singing Revolution; mass song festivals become political demonstrations for independence,Political,National movement
1989,EST,Estonia,Baltic Way; 2 million people form human chain across Estonia Latvia Lithuania (23 August),Political,Symbolic protest
1991,EST,Estonia,Re-independence of Estonia (20 August); sovereignty restored during Soviet coup,Political,State restored
1992,EST,Estonia,New constitution; Estonian kroon introduced replacing Soviet ruble; radical monetary reform,Economy,Currency reform
1994,EST,Estonia,Radical economic reforms; flat tax introduced; rapid privatization; e-government pioneer,Economy,Liberal reforms
2004,EST,Estonia,Estonia joins the European Union (1 May) and NATO (29 March),Integration,EU and NATO membership
2007,EST,Estonia,Estonia joins Schengen Area; cyberattacks from Russia target Estonian infrastructure,Integration/Security,Digital vulnerability
2008,EST,Estonia,Global financial crisis; GDP contracts sharply after overheated growth,Financial,Severe recession
2011,EST,Estonia,Estonia adopts the Euro (1 January); first former Soviet republic in the Eurozone,Integration,Monetary union
2020,EST,Estonia,COVID-19; GDP contracts ~3%; digital infrastructure helps remote work,Economy,Pandemic shock
1900,BEL,Belgium,Belgium is a densely industrialized economy; coal steel and colonial Congo wealth,Economy,Industrial leader
1914,BEL,Belgium,World War I; German invasion (August); Belgium occupied until 1918,War,GDP collapse; devastation
1918,BEL,Belgium,End of WWI; reconstruction of industry and transport network begins,War,Recovery starts
1929,BEL,Belgium,Great Depression hits Belgian export industry; mass unemployment,Economy,GDP decline
1940,BEL,Belgium,World War II; German invasion (May); occupation until 1944,War,GDP collapse; occupation
1944,BEL,Belgium,Liberation of Belgium; Battle of the Bulge fought partly on Belgian soil,War,Recovery starts
1948,BEL,Belgium,Benelux customs union with Netherlands and Luxembourg takes effect,Integration,Regional trade opening
1951,BEL,Belgium,European Coal and Steel Community; Belgium is a founding member,Integration,European integration begins
1957,BEL,Belgium,Treaty of Rome; Belgium is a founding member of the EEC,Integration,European integration
1960,BEL,Belgium,Independence of the Belgian Congo; colonial economic ties disrupted,Colonial,Decolonization
1973,BEL,Belgium,Oil crisis; end of postwar high-growth period,Economy,Growth shock
1993,BEL,Belgium,Belgium becomes a federal state; Brussels is de facto EU capital,Political,Institutional reform
1999,BEL,Belgium,Belgium adopts the Euro; founding Eurozone member,Integration,Monetary union
2008,BEL,Belgium,Global financial crisis; Fortis and Dexia bank rescues,Financial,Banking crisis
2020,BEL,Belgium,COVID-19; GDP contracts sharply; early European outbreak,Economy,Pandemic shock
1900,ITA,Italy,Unified Italy still largely agrarian in the South; industrial North (Piedmont Lombardy),Economy,Regional dualism
1915,ITA,Italy,Italy enters World War I on the Allied side,War,Military expenditure
1918,ITA,Italy,End of WWI; territorial gains but high debt and social unrest,War,Pyrrhic victory
1922,ITA,Italy,March on Rome; Mussolini forms Fascist government,Political,Regime change
1929,ITA,Italy,Great Depression; autarky and state-led industrial holding IRI created (1933),Economy,State capitalism
1940,ITA,Italy,Italy enters World War II as Axis power,War,War economy
1943,ITA,Italy,Fall of Mussolini; Allied invasion of Sicily; civil war in the North,War,GDP collapse
1946,ITA,Italy,Republic proclaimed by referendum; monarchy abolished,Political,Regime change
1948,ITA,Italy,Marshall Plan aid; Italian economic miracle begins in the 1950s,Economy,Recovery catalyst
1957,ITA,Italy,Treaty of Rome; Italy is a founding member of the EEC,Integration,European integration
1960,ITA,Italy,Economic miracle in full swing; industrialization and mass internal migration South to North,Economy,Golden age
1973,ITA,Italy,Oil crisis; Years of Lead political violence; growth slowdown,Economy,Growth shock
1992,ITA,Italy,Maastricht Treaty; Tangentopoli corruption scandal; lira crisis in ERM,Financial,Currency crisis
1999,ITA,Italy,Italy adopts the Euro; founding Eurozone member,Integration,Monetary union
2008,ITA,Italy,Global financial crisis; prolonged stagnation and high public debt,Financial,Recession
2011,ITA,Italy,Sovereign debt crisis; technocratic Monti government; ECB support,Financial,Debt crisis
2020,ITA,Italy,COVID-19; first major European outbreak; GDP contracts ~9%,Economy,Pandemic shock
1900,GRC,Greece,Greece is a small agrarian economy after independence from the Ottoman Empire,Economy,Agrarian economy
1912,GRC,Greece,Balkan Wars (1912-1913); territorial expansion in Macedonia and Epirus,War,Territorial expansion
1917,GRC,Greece,Greece enters World War I on the Allied side,War,Military expenditure
1922,GRC,Greece,Asia Minor catastrophe; population exchange with Turkey; 1.2 million refugees,War,Demographic shock
1929,GRC,Greece,Great Depression; default on external debt (1932),Financial,Debt default
1940,GRC,Greece,Italy invades Greece; German occupation from 1941,War,GDP collapse; occupation
1944,GRC,Greece,Liberation; Greek Civil War follows (1946-1949),War,Civil war
1947,GRC,Greece,Truman Doctrine; US aid against communist insurgency,Geopolitical,Western alignment
1952,GRC,Greece,Greece joins NATO,Geopolitical,Western integration
1967,GRC,Greece,Military junta (Colonels regime) until 1974,Political,Authoritarian rule
1974,GRC,Greece,Fall of the junta after Cyprus crisis; return to democracy,Political,Regime change
1981,GRC,Greece,Greece joins the EEC (1 January),Integration,European integration
1999,GRC,Greece,Greece meets Euro convergence criteria later; joins Eurozone in 2001,Integration,Monetary union path
2001,GRC,Greece,Greece adopts the Euro (1 January),Integration,Monetary union
2004,GRC,Greece,Athens Olympic Games; large public infrastructure investment,Infrastructure,Event investment
2010,GRC,Greece,Sovereign debt crisis; first Troika bailout,Financial,Bailout
2015,GRC,Greece,Third bailout after referendum; capital controls; deep recession,Financial,Crisis peak
2018,GRC,Greece,Greece exits the bailout programmes,Financial,Recovery begins
2020,GRC,Greece,COVID-19; tourism collapse; GDP contracts sharply,Economy,Pandemic shock
1900,ROU,Romania,Kingdom of Romania; largely agrarian with oil industry around Ploiești,Economy,Agrarian with oil
1916,ROU,Romania,Romania enters World War I; occupation of much of the country,War,GDP collapse
1918,ROU,Romania,Greater Romania formed; Transylvania Bessarabia and Bukovina united,Political,Territorial expansion
1929,ROU,Romania,Great Depression; agrarian crisis and political instability,Economy,GDP decline
1940,ROU,Romania,Territorial losses to USSR Hungary and Bulgaria; Ion Antonescu regime,Political,Territorial loss
1941,ROU,Romania,Romania joins Axis invasion of the Soviet Union,War,War economy
1944,ROU,Romania,Royal coup; Romania switches to the Allies; Soviet occupation follows,War,Occupation
1947,ROU,Romania,Monarchy abolished; Romanian People's Republic; communist planned economy,Political,Communist regime begins
1965,ROU,Romania,Ceaușescu becomes leader; industrialization and later megalomaniac projects,Political,Planned industrialization
1977,ROU,Romania,Vrancea earthquake devastates Bucharest; large reconstruction costs,Infrastructure,Natural disaster
1980,ROU,Romania,Austerity to repay foreign debt; severe shortages of food and energy,Economy,Austerity
1989,ROU,Romania,Romanian Revolution (December); Ceaușescu executed; end of communist rule,Political,Democratic transition
1990,ROU,Romania,Market transition begins; inflation and industrial collapse,Economy,Transition shock
1999,ROU,Romania,NATO Membership Action Plan; delayed recovery after 1990s crisis,Geopolitical,Western path
2004,ROU,Romania,Romania joins NATO,Geopolitical,Western integration
2007,ROU,Romania,Romania joins the European Union (1 January),Integration,EU membership
2008,ROU,Romania,Global financial crisis; IMF stand-by arrangement in 2009,Financial,Recession
2020,ROU,Romania,COVID-19; GDP contracts; later recovery led by consumption and EU funds,Economy,Pandemic shock
1900,LVA,Latvia,Latvia is part of the Russian Empire; Riga is a major Baltic industrial port,Political,Colonial status
1918,LVA,Latvia,Declaration of independence (18 November),Political,State creation
1920,LVA,Latvia,Latvian War of Independence ends; Soviet Russia recognizes Latvia,Political,Sovereignty confirmed
1922,LVA,Latvia,Agrarian reform; democratic constitution adopted,Political,Social transformation
1934,LVA,Latvia,Ulmanis authoritarian coup; parliamentary democracy suspended,Political,Authoritarian rule
1939,LVA,Latvia,Molotov-Ribbentrop Pact; Latvia assigned to Soviet sphere,Geopolitical,Fate sealed
1940,LVA,Latvia,Soviet occupation; forced incorporation into the USSR,Political,Loss of sovereignty
1941,LVA,Latvia,German occupation (1941-1944),War,Occupation
1944,LVA,Latvia,Soviet re-occupation; Latvian SSR; mass deportations,Political,Soviet rule restored
1949,LVA,Latvia,March deportations; forced collectivization of agriculture,Political,Repression
1988,LVA,Latvia,Popular Front of Latvia founded; national awakening,Political,National movement
1989,LVA,Latvia,Baltic Way human chain; sovereignty declaration process,Political,Symbolic protest
1991,LVA,Latvia,Restoration of independence (21 August) during the Soviet coup,Political,State restored
1992,LVA,Latvia,Latvian rublis then lats currency reform; rapid liberalization,Economy,Currency reform
1995,LVA,Latvia,Banking crisis; collapse of Banka Baltija,Financial,Banking crisis
2004,LVA,Latvia,Latvia joins the European Union (1 May) and NATO,Integration,EU and NATO membership
2008,LVA,Latvia,Severe financial crisis; GDP falls about 18%; internal devaluation,Financial,Severe recession
2014,LVA,Latvia,Latvia adopts the Euro (1 January),Integration,Monetary union
2020,LVA,Latvia,COVID-19; GDP contracts then rebounds,Economy,Pandemic shock
1900,LTU,Lithuania,Lithuania is part of the Russian Empire; largely agrarian society,Political,Colonial status
1918,LTU,Lithuania,Act of Independence (16 February),Political,State creation
1920,LTU,Lithuania,Soviet Russia recognizes Lithuania; Vilnius dispute with Poland,Political,Sovereignty confirmed
1926,LTU,Lithuania,Smetona authoritarian coup after a brief democratic period,Political,Authoritarian rule
1939,LTU,Lithuania,Molotov-Ribbentrop Pact; Lithuania assigned to Soviet sphere,Geopolitical,Fate sealed
1940,LTU,Lithuania,Soviet occupation; forced incorporation into the USSR,Political,Loss of sovereignty
1941,LTU,Lithuania,German occupation (1941-1944); Holocaust destroys Jewish community,War,Occupation
1944,LTU,Lithuania,Soviet re-occupation; Lithuanian SSR; partisan war continues into the 1950s,Political,Soviet rule restored
1948,LTU,Lithuania,Mass deportations and collectivization,Political,Repression
1988,LTU,Lithuania,Sąjūdis reform movement founded; national revival,Political,National movement
1990,LTU,Lithuania,Act of the Re-Establishment of the State (11 March); first Soviet republic to declare independence,Political,Independence path
1991,LTU,Lithuania,January Events in Vilnius; independence recognized after the Soviet coup,Political,State restored
1993,LTU,Lithuania,Litas reintroduced; last Russian troops leave,Economy,Currency reform
2004,LTU,Lithuania,Lithuania joins the European Union (1 May) and NATO,Integration,EU and NATO membership
2008,LTU,Lithuania,Global financial crisis; deep recession and emigration wave,Financial,Severe recession
2015,LTU,Lithuania,Lithuania adopts the Euro (1 January),Integration,Monetary union
2020,LTU,Lithuania,COVID-19; relatively mild GDP contraction,Economy,Pandemic shock
1900,IRL,Ireland,Ireland is part of the United Kingdom; largely agrarian with emigration after the Famine,Political,Colonial status
1916,IRL,Ireland,Easter Rising in Dublin; republican rebellion against British rule,Political,Independence path
1919,IRL,Ireland,War of Independence begins; guerrilla conflict with British forces,War,Political violence
1921,IRL,Ireland,Anglo-Irish Treaty; Irish Free State created (1922); partition of Northern Ireland,Political,State creation
1922,IRL,Ireland,Irish Civil War over the Treaty (1922-1923),War,Civil war
1932,IRL,Ireland,De Valera government; economic war with Britain over land annuities,Economy,Trade conflict
1937,IRL,Ireland,New constitution; the state is named Ireland (Éire),Political,Constitutional reform
1949,IRL,Ireland,Republic of Ireland Act; leaves the British Commonwealth,Political,Republic declared
1958,IRL,Ireland,First Programme for Economic Expansion; shift from protectionism toward FDI,Economy,Policy turning point
1973,IRL,Ireland,Ireland joins the EEC (1 January) with the UK and Denmark,Integration,European integration
1979,IRL,Ireland,Ireland joins the European Monetary System; breaks sterling parity,Integration,Monetary autonomy
1990,IRL,Ireland,Celtic Tiger boom begins; strong FDI, IT and pharmaceuticals growth through the 1990s,Economy,High growth
1999,IRL,Ireland,Ireland adopts the Euro; founding Eurozone member,Integration,Monetary union
2008,IRL,Ireland,Banking collapse and property crash; EU-IMF bailout in 2010,Financial,Bailout
2013,IRL,Ireland,Ireland exits the EU-IMF programme,Financial,Recovery begins
2015,IRL,Ireland,GDP jumps after large multinational inversions; GDP becomes a poor welfare measure versus GNI,Economy,Statistical distortion
2020,IRL,Ireland,COVID-19; GDP holds up better than GNI because of multinational output,Economy,Pandemic shock
1900,HUN,Hungary,Kingdom of Hungary inside Austria-Hungary; mixed agrarian and industrial economy,Political,Imperial status
1918,HUN,Hungary,Aster Revolution; end of the dual monarchy after World War I,Political,Regime change
1920,HUN,Hungary,Treaty of Trianon; Hungary loses about two thirds of its territory and population,Political,Territorial loss
1929,HUN,Hungary,Great Depression; agrarian collapse and financial crisis,Economy,GDP decline
1941,HUN,Hungary,Hungary enters World War II as an Axis ally,War,War economy
1944,HUN,Hungary,German occupation; Holocaust of Hungarian Jews; Soviet invasion follows,War,Occupation
1947,HUN,Hungary,Communist takeover completed; planned economy and Comecon integration,Political,Communist regime begins
1956,HUN,Hungary,Hungarian Revolution crushed by Soviet intervention,Political,Repression
1968,HUN,Hungary,New Economic Mechanism; limited market reforms inside the planned economy,Economy,Partial reform
1989,HUN,Hungary,Round-table talks; Republic of Hungary proclaimed (23 October); border opened to the West,Political,Democratic transition
1990,HUN,Hungary,First free elections; market transition and privatization begin,Economy,Transition shock
1999,HUN,Hungary,Hungary joins NATO,Geopolitical,Western integration
2004,HUN,Hungary,Hungary joins the European Union (1 May),Integration,EU membership
2008,HUN,Hungary,Global financial crisis; IMF-EU stand-by arrangement,Financial,Recession
2010,HUN,Hungary,Orbán government; unorthodox economic policy and later EU rule-of-law disputes,Political,Policy shift
2020,HUN,Hungary,COVID-19; GDP contracts then rebounds,Economy,Pandemic shock
1957,EUU,European Union,Treaty of Rome signed (25 March); EEC created by France Germany Italy Belgium Netherlands Luxembourg,Integration,European integration founded
1986,EUU,European Union,Single European Act; creates framework for the single market by 1992,Integration,Market integration
1992,EUU,European Union,Treaty of Maastricht signed; European Union created; path to monetary union set,Integration,EU created
1999,EUU,European Union,Euro launched (1 January); 11 founding members adopt common currency,Integration,Monetary union
2007,EUU,European Union,Treaty of Lisbon signed; new institutional framework for enlarged EU,Integration,Institutional reform
