country_iso3,country_name,country_group
BEL,Belgium        ,Western Europe                                    
CZE,Czechia        ,Central/Eastern Europe                            
DEU,Germany        ,Western Europe                                    
ESP,Spain          ,Western Europe                                    
EST,Estonia        ,Post-Soviet                                       
EUU,European Union ,Benchmark                                         
FRA,France         ,Western Europe                                    
GRC,Greece         ,Western Europe                                    
HUN,Hungary        ,Central/Eastern Europe                            
IRL,Ireland        ,Western Europe                                    
ITA,Italy          ,Western Europe                                    
LTU,Lithuania      ,Post-Soviet                                       
LVA,Latvia         ,Post-Soviet                                       
POL,Poland         ,Central/Eastern Europe                            
PRT,Portugal       ,Focus                                             
ROU,Romania        ,Central/Eastern Europe                            
